model_name,train_rmse,train_mae,train_r2,test_rmse,test_mae,test_r2
Ridge Regression,2.084188885489976,0.4936669317719955,0.7173516655151837,1.7996143868661456,0.4450888643036068,0.7708811222872012
